,candidate_output
0,"The UnboundLocalError means that the variable is being used before it has been assigned a value. This usually happens when a variable is referenced inside a local scope before it has been assigned. In your case, this could be happening if the variable is being accessed before the <code>Dts.Variables[""User::ZBatch_Order_Export_ResultSet""].Value</code> line is executed. To fix this, you'll need to make sure the variable is assigned a value before it is used."
1,"In Python, variables can be both local and global. A local variable is a variable that is only available within the scope of a function, while a global variable is available throughout the program. When you reference a variable inside a function, Python will first search for the variable in the local scope. If it is not found, then it will search the global scope.

In order to assign a global variable inside a function, you need to use the ""global"" keyword. For example:

def shot():
    global var
    if (var == ""1""):
        ...

This points the 'var' variable in the shot() function to the existing 'var' variable defined outside the function.

It is important to note that global variables can not be modified within a function without using the ""global"" keyword. For example, the below code will not work:

def shot():
    var = 2

This results in a local variable being created, rather than modifying the existing global variable.

For more information, you can check out the official Python documentation on scopes and namespaces: https://docs.python.org/3/tutorial/classes.html#python-scopes-and-"
2,"When you define a lambda in a loop, it captures the values of the variables in the loop's scope at the time the lambda is created. This means that all the lambdas created in the loop will have the same values of the variables, resulting in the same return value. To avoid this, you can use the ""late binding"" feature of Python, which allows you to pass values to the lambda as an argument. This way, each lambda can have its own values rather than all of them having the same values as when the lambda was created."
3,"
In Python, the best way to share global variables across modules is to create a single module (often called a config file) that contains all the global variables and import it in all the modules where it is needed. 

For example, if you wanted to share the variable <code>name</code> across multiple modules, you could create a config file called <code>config.py</code> that contains the following code:

config.py
```
name = 'John Doe'
```

Then, in any other module that needs to access the global variable, you can import it by adding the following line at the top of the module:

```
import config
```

Then, you can access the <code>name</code> variable anywhere in the module with <code>config.name</code>.

For more information, see the Python documentation on modules: https://docs.python.org/3/tutorial/modules.html"
4,"When importing data into a module, it is best practice to make sure the data in the CSV file is in the correct order, starting with the data at the bottom of the “tree”. For example, if TableA references a record in TableB which in turn references a record in TableC, then the data should be imported in this order: 1) TableC 2) TableB 3) TableA. It is also best practice to create a temporary branch from the first commit in the master branch, then generate and import history from the CSV file into another temporary branch, merging with strategy ‘ours’ from the “start” branch and merging from the “master” branch the newer commits and renaming the “import” branch to “master”. This can be done manually or by importing the CSV file directly. For more information, please refer to the following tutorial: http://www.doctrine-project.org/docs/orm/2.0/en/tutorials/getting-started-xml-edition.html."
5,"Default values are shared between objects due to prototype inheritance, which is a type of object-oriented programming. In this type of programming, objects inherit the properties of their parent objects. For example, in the case of arrays and functions, every array and function inherits the properties of the Object as the grand parent/ultimate parent of everything. This is why in the code snippet provided, both a and b return true when checked with the instanceof Object.

When adding a subclass, the attribute is given somewhere to go, which is why the dir() function returns a different list of values for the subclass (with the addition of the __dict__ attribute). 

Another way to think of this concept is to consider how objects are created. Built-in types don't have dictionaries associated with them to hold added attributes, but when a subclass is created and attributes are added, the object is given a dictionary to hold them.

To assign values to an object, you can use either the Object.assign() method or the dot notation. The Object.assign() method copies the values of all enumerable properties from one or more source objects to a target object, while the dot notation directly assigns a value to some property of an object. The"
6,"In Python, you can use keyword arguments to specify default values for parameters and pass them to a function. This allows you to pass optional or keyword parameters from one function to another. 

For example, if you have a function that takes two arguments, you could specify default values and pass them to the function like this: 

def foo(arg1, arg2=None):
    # do something with arg1 and arg2

foo(arg1='bar', arg2='blahh')

In this example, 'arg1' is a required argument, while 'arg2' is an optional argument with a default value of None. If this argument is not specified, the function will use the default value. 

You can also use keyword arguments to specify values for parameters. For example: 

foo(arg1='bar', myName='John', yourName='Jane')

In this example, 'myName' and 'yourName' are keyword arguments that have been passed to the function. 

You can find out more about keyword arguments and how to use them in Python here: https://realpython.com/python-kwargs-and-args/."
7,"Arguments and parameters are terms used to describe the data that is passed into a function. Arguments are the actual values that are passed in when a function is called, and parameters are the variables that are used to hold the arguments in the function definition. In Python, parameters are defined as the names listed in the function definition, and the arguments are the values passed to the function when it is called. For example, if we have a function defined as:

def example_function(arg1, arg2):
    # Do something

Then arg1 and arg2 are the parameters, and the values passed when the function is called (e.g. example_function(1, 2)) are the arguments."
8,"When you assign a list to another list, the two variables both point to the same list object. This means that when you modify one of the variables, the changes are reflected in the other variable as well. To avoid this, you can use the list.copy() method to create a shallow copy of the list, which will create a new list object with the same elements as the original list. You can then modify the copy without affecting the original. For example: 

x = [1, 2, 3]
y = x.copy()
y[0] = 5

print(x) // prints [1, 2, 3]
print(y) // prints [5, 2, 3]"
9,"In Python, you can use keyword arguments to pass output parameters to a function. This is similar to call by reference in other languages, as the function will be able to modify the variable passed in. For example, if you want to write a function that swaps two values, you can use keyword arguments like so:

def swap(a, b):
  a, b = b, a
  
x = 3
y = 5
swap(x, b=y)

# x now holds 5, and y holds 3

You can also use keyword arguments to return multiple values from a function. For example, if you want to return both a boolean and a string from a function, you can do it like this:

def check_password(password):
  is_valid = False
  message = ''
  if len(password) >= 8 and any(char.isdigit() for char in password):
    is_valid = True
    message = 'Password is valid!'
  else:
    message = 'Password must be at least 8 characters and contain a number'
  return is_valid, message

valid, message = check_password('Passw0"
10,"In Python, a higher order function is a function that takes one or more functions as arguments and returns a new function. This new function can be used to perform operations on data. 

To create a higher order function in Python, you can use the built-in functions <code>map()</code>, <code>filter()</code>, and <code>reduce()</code>. These functions allow you to pass in a function as an argument and use it to manipulate data. 

For example, let's say you wanted to create a function that takes a list of numbers and returns the sum of the elements in the list. You could use the <code>reduce()</code> function to do this:

<pre><code>from functools import reduce

def sum_list(nums):
    return reduce(lambda x, y: x + y, nums)

nums = [1, 2, 3, 4, 5]
total = sum_list(nums)
print(total) # prints 15
</code></pre>

In this example, the <code>reduce()</code> function is used to apply a function (the"
11,"In Python, you can copy an object using the built-in <code>copy</code> module. The <code>copy</code> module provides two different methods of copying objects, the <code>copy.copy()</code> function and the <code>copy.deepcopy()</code> function. 

The <code>copy.copy()</code> function creates a shallow copy of an object, which means that the copy will have the same values as the original object for its non-container data members, but the copy will reference the same objects as the original object for any container data members. 

The <code>copy.deepcopy()</code> function creates a deep copy of an object, which means that the copy will have the same values as the original object for both its non-container and container data members, but the copy will reference new objects for any container data members. 

Example:

<pre><code>import copy

# Define an object
class Point:
    def __init__(self, x, y):
        self.x = x
        self.y = y

# Create an object
p1 = Point(10"
12,"You can use the built-in dir() function in Python to view the methods or attributes of an object. dir() takes an object as an argument and returns a list of valid attributes and methods for that object. For example, if you want to view the methods of a list object such as [1, 2, 3], you can use the dir() function like this: 

<pre><code>my_list = [1, 2, 3]
dir(my_list)
</code></pre>

The output of this will be a list of all the methods and attributes of <code>my_list</code>, such as <code>append</code>, <code>count</code>, <code>insert</code>, <code>pop</code> and more. You can then use these methods to manipulate the list object. For more information about dir() and other useful functions in Python, you can refer to the official Python documentation [here](https://docs.python.org/3/library/functions.html)."
13,"You can use the <code>objc_getClass()</code> function in Objective-C to discover the name of an object. This function takes a <code>const char*</code> and returns the named class (or <code>nil</code> if none is found). For example, you could use the following code to get the class name of an object: 

<pre><code>Class clazz = objc_getClass(""ObjectName"");
if(clazz) {
    const char *name = class_getName(clazz);
    NSLog(@""Class name is %s"", name);
}
</code></pre>

You could also use <code>NSClassFromString()</code> if you have a Foundation-type framework. This function takes a string and returns the named class. Here is an example of how to use it: 

<pre><code>Class clazz = NSClassFromString(@""ObjectName"");
if(clazz) {
    const char *name = class_getName(clazz);
    NSLog(@""Class name is %s"", name);
}
"
14,"The comma operator is considered to have the lowest precedence of all operators in Python, and it is used to separate a sequence of expressions. It evaluates the first expression, then the second expression, and returns the result of the second expression. For example, the following code: 

<pre><code>a = (2, 3 + 4)
</code></pre>

evaluates (2) first and then (3 + 4), and the result of the second expression (7) will be assigned to the variable a. 

It is important to note that the comma operator does not guarantee the order of evaluation. For example, in the above code it is not guaranteed that (3 + 4) will be evaluated before (2). Thus, it is recommended to avoid using the comma operator when the order of evaluation is important. 

For more information, check out the official Python documentation on the <a href=""https://docs.python.org/3/reference/expressions.html#the-comma-operator"">comma operator</a>."
15,"Yes, the Python language has an equivalent of C’s “?:” ternary operator. It is called the conditional expression and is written like this:

<pre><code>x = a if condition else b
</code></pre>

This statement evaluates the condition and if it is true, then the expression evaluates to a, otherwise, it evaluates to b. For example, if we want to assign the maximum of two numbers to a variable x, we can use the conditional expression like so:

<pre><code>x = num1 if num1 > num2 else num2
</code></pre>

For more information about the conditional expression, please see the official Python documentation here: https://docs.python.org/3/reference/expressions.html#conditional-expressions"
16,"Yes, it is possible to write obfuscated one-liners in Python. Obfuscation is a technique used to make code difficult to read and understand. It is not recommended as a practice in software development, as it can make code hard to debug and maintain.

One way to write obfuscated one-liners in Python is to use ternary operators and lambda functions. Ternary operators are a short way to write an if-else statement. Lambda functions are anonymous functions that can take any number of arguments, but can only have one expression. An example of an obfuscated one-liner in Python is:

<pre><code>result = ""foo"" if x == 0 else (lambda x: ""bar"")(x)
</code></pre>

This one-liner evaluates the expression to determine if x is equal to 0. If so, it assigns the string ""foo"" to the result. Otherwise, it calls a lambda function that evaluates and returns the string ""bar"". 

For more information, you can read the Python documentation on <a href=""https://docs.python.org/3/tutorial/controlflow.html#if-statements"">if-statements</"
17,"The slash (/) in the parameter list of a function is a delimiter that separates the parameters. In Python, the parameters in a function call are passed as a list of values. The slash indicates that the following parameter is a new one and not a part of the previous one. For example, if you have two parameters in a function call, the slash would separate them like this: <code>function_name(parameter1, parameter2)</code>."
18,"You can specify hexadecimal and octal integers using regular expressions (regex). The syntax for representing hexadecimal integers is 0x followed by four or eight hexadecimal digits. The syntax for octal integers is a leading zero followed by three or more octal digits. 

For example, to match a four-digit hexadecimal number, the regex would look like this: 0x([0-9a-fA-F]{4}). To make the last four digits optional, you can add a question mark after the last four digits, like this: 0x[0-9a-fA-F]{4}([0-9a-fA-F]{4})?

You can also use the .NET Standard Numeric Format Strings. For example, to convert an integer to a 7-digit string with leading zeros, you can use the format string ""D7"" like this: (123456789 % 10000000).ToString(""D7"").

Finally, to make it simpler for users, you can get them to type the complete list of characters they want to allow. For example, for letters, numbers and symbols, the"
19,"The // operator performs integer division, meaning that it will always round down the result to the nearest integer. In the case of -22 // 10, the result will be -3 because -22 rounded down to the nearest integer is -3. If you want to get the exact result, use the / operator instead. For example, -22 / 10 will return -2.2."
20,"You can use the int literal attribute in Python to get an integer value instead of a SyntaxError. To do this, simply add the int literal attribute to the variable declaration. For example, if you wanted to declare a variable called my_int with the value of 2, you would use the following code: <code>my_int = 2</code> int. Alternatively, you could also use the int() function to convert a variable to an integer, like this: <code>my_int = int(2)</code>. This method is useful if the value you are trying to assign to the variable is a string or a float. For more information on using the int literal attribute in Python, take a look at the official Python documentation here: https://docs.python.org/3/library/functions.html#int"
21,"You can use the Python language to convert a string to a number by using the int() function. For example, if you have a string ""1.0.0.1"" you can use the following code to convert it to an integer: 

int_number = int(""1.0.0.1"".replace(""."", """"))

You can also use the format() function to control the number of digits in the resulting integer. For example, if you want the integer to have 7 digits, you can use the following code:

int_number = int(format(1.0.0.1, '07d'))

You can also use the modulo operator (%) to limit the number of digits in the resulting integer. For example, if you want to limit the integer to 7 digits, you can use the following code:

int_number = (123456789 % 10000000).ToString(""D7"")

Finally, you can use a custom number class with overloaded operators to convert a string to an integer. For example: 

number_class = Number(1)
int_number = int(number_class + 5 + 6)

You can find"
22,"Using Python, you can use the str() function to convert a number to a string. For example, if you wanted to convert the integer 5 to a string, you would use the code:

`str(5)`

You can also use the format() function to convert a number to a string. For example, if you wanted to convert the integer 5 to a string, you would use the code:

`format(5)`

If you want to format the number with a specific number of characters, you can use the .ToString() method with a standard numeric format string. For example, to convert the integer 5 to a string with 7 characters, you would use the code:

`str(5).ToString(""D7"")`

To ensure that integers have no more than 7 characters, you can use modulo. For example, to convert the integer 123456789 to a string with 7 characters, you would use the code:

`(123456789 % 10000000).ToString(""D7"")`

You can also use a custom number class with overloaded operators to convert a number to a string. For example, to convert the integer 1 to a string,"
23,"You can modify a string in place using the replace() method in Python. This method takes two arguments, the substring you want to replace and the string that you want to replace it with. For example, if you wanted to replace the word 'dog' with 'cat' in the string 'I have a dog', you would use the following code:

string = ""I have a dog""
string = string.replace('dog', 'cat')
print(string)

Output: I have a cat

You can also use the regular expression re.sub to modify a string in place. This method takes three arguments, the substring you want to replace, the string that you want to replace it with, and the string you want to modify. For example, if you wanted to replace all the vowels in the string 'Hello World' with '*', you would use the following code:

import re
string = ""Hello World""
string = re.sub('[aeiouAEIOU]', '*', string)
print(string)

Output: H*ll* W*rld"
24,"In Python, you can use strings to call functions or methods by using the eval() or exec() statements. The eval() statement takes a string and evaluates it as a Python expression. This means that you can pass a string to eval() and have it evaluate the string as if it were a normal Python expression. 

For example, if you have a function called 'foo' with two arguments, you can call it using eval() like so:

eval(""foo('arg1', 'arg2')"")

The exec() statement takes a string and executes it as if it were a piece of Python code. This means that you can pass a string to exec() and have it execute the string as if it were a normal piece of Python code. 

For example, if you have a method called 'bar' with two arguments, you can call it using exec() like so:

exec(""bar('arg1', 'arg2')"")"
25,"Yes, there is an equivalent to Perl’s chomp() for removing trailing newlines from strings in Python. The Python string method rstrip() can be used to remove all trailing whitespace characters from a string, including the newline character. An example of how to use rstrip() is shown below:

<pre><code>#declare a string with trailing newline
string_with_newline = ""This string has a trailing newline\n""

#remove the trailing newline 
string_without_newline = string_with_newline.rstrip()

print(string_without_newline)
#output: This string has a trailing newline
</code></pre>"
26,"Yes, there is an equivalent of scanf() and sscanf() in Python. It is the built-in functions input() and sscanf(), respectively. 

input() reads a line of input from the standard input (sys.stdin) and returns it as a string. It can also be used to prompt the user for input. For example:

name = input(""What is your name? "")

sscanf() is similar to scanf() in C. It reads a string and parses it according to the given format. For example:

import sscanf

my_string = ""1 2 3 4 5""
values = sscanf.sscanf(my_string, ""%d %d %d %d %d"")

# values will be equal to (1, 2, 3, 4, 5)"
27,"UnicodeDecodeError and UnicodeEncodeError are errors that occur when trying to read or write Unicode strings from/to a file or stream. This can happen, for example, when trying to read a file that was encoded with a different encoding than the one specified, or when trying to write a Unicode string to a file that does not support Unicode. The error codes need to be converted to hex and mapped to the values in the specified link. To avoid this error, it is good practice to specify the specific type of error when using a try/except statement (e.g. except UnicodeEncodeError:). Additionally, it is possible to set the encoding of a WebClient to UTF-8, which will help to prevent this error from occurring."
28,"
No, you cannot end a raw string with an odd number of backslashes. Raw strings are indicated by a prefix of 'r' or 'R' and are used to represent strings using regular expressions. Because of this, raw strings cannot end with an odd number of backslashes as this could lead to an unexpected interpretation of the regular expression. 

For example, in Python, you would use a raw string like this: 

<pre><code>message = r""This is a message with an odd number of backslashes \\""
</code></pre>

In this case, the '\' is not a valid character in the raw string. To avoid this, you can use two backslashes instead, like this: 

<pre><code>message = r""This is a message with an even number of backslashes \\\""
</code></pre>

Using two backslashes will ensure that the regular expression is interpreted correctly."
29,"There are a few different ways to speed up your program. One option is to use an optimized algorithm, such as a genetic algorithm. This type of algorithm can quickly find solutions to problems by using crossover between elite members and mutation with random numbers or switch between chromosomes. 

Another option is to optimize the code itself. This may involve using tools like profilers or debuggers to identify areas of the code that are running slowly. Once identified, these areas can be targeted with code refactoring and optimization. Additionally, you can look for areas where you can reduce the amount of code required to achieve the same result. 

Finally, you can also look to external sources to help speed up your program. This may include using a faster processor, more RAM, or other hardware components. 

Overall, the best way to speed up your program is to get to the root of the problem and identify which specific areas can be optimized or improved."
30,"The most efficient way to concatenate many strings together is to use the join() method in the Python language. The join() method takes an iterable (such as a list, set, or tuple) of strings as its argument, and returns a single string where all items are separated by the string provided as an argument. For example, if you had a list of strings ['string1', 'string2', 'string3'], you could use the following code to concatenate them together:

string_list = ['string1', 'string2', 'string3']
concatenated_string = ' '.join(string_list)

print(concatenated_string)

This would result in a single string 'string1 string2 string3'. The join() method is the most efficient way to concatenate many strings together because it avoids the overhead of creating many new strings and having the garbage collector clean them up. It is also easier to read and understand."
31,"You can convert between tuples and lists in Python using the built-in functions tuple() and list(). For example, you can convert a list to a tuple by using the tuple() function: 

<pre><code>list_example = [1, 2, 3, 4]
tuple_example = tuple(list_example) 
print(tuple_example) 
# Outputs: (1, 2, 3, 4)
</code></pre>

Similarly, you can convert a tuple to a list by using the list() function: 

<pre><code>tuple_example = (1, 2, 3, 4)
list_example = list(tuple_example) 
print(list_example) 
# Outputs: [1, 2, 3, 4]
</code></pre>

You can also iterate through a tuple using a for loop: 

<pre><code>tuple_example = (1, 2, 3, 4)
for item in tuple_example: 
    print(item) 
# Outputs: 1, 2, 3, 4
</code></pre>"
32,"A negative index in programming is an index that starts counting from the end of an array or list, rather than the beginning. For example, in a list with 5 items, the index of the first item would be 0, the second item would be 1, and so on. A negative index would start from the back, so the last item would be -1, the second-to-last item would be -2, and so on. Negative indexes can be useful when you need to access the last few items in a list without knowing exactly how many items it contains."
33,"You can use a traditional approach to iterate over a sequence in reverse order. One example is a while loop, which allows you to check each digit in a sequence and perform an action if it meets certain criteria. Here is an example of a while loop that iterates over a sequence in reverse order:

<pre><code>int count = 0;
int theNum = 475436;
while(theNum > 0)
{
    int test = theNum - ((theNum / 10) * 10);
    if(test % 2 == 0) 
        count++;
    theNum = theNum / 10;
}
Console.WriteLine(count);
</code></pre>

Alternatively, you can use a function such as seqle() in the R programming language to iterate over a sequence in reverse order. Here's an example of seqle() in action:

<pre><code>seqle &lt;- function(x,incr=1) {
    if(!is.numeric(x)) x &lt;- as.numeric(x)
    n &lt;- length(x)
    y &lt;- x"
34,"You can use the Python language to remove duplicates from a list. One approach is to use a set, which only contains unique elements. You can convert the list to a set, and then back to a list to remove duplicates. For example:

list_with_duplicates = [""a"", ""b"", ""c"", ""a"", ""b"", ""d""]
unique_list = list(set(list_with_duplicates))
print(unique_list) 

This will output: [""a"", ""b"", ""c"", ""d""].

Alternatively, you can use a loop to check and add elements to a new list if they are not already present. For example:

list_with_duplicates = [""a"", ""b"", ""c"", ""a"", ""b"", ""d""]
unique_list = []
for item in list_with_duplicates:
    if item not in unique_list:
        unique_list.append(item)
print(unique_list)

This will also output: [""a"", ""b"", ""c"", ""d""]."
35,"To remove multiple items from a list, you can use Python's list comprehension and the remove() method. 
For example, the following code will remove all items from a list that are not of type int:

<pre><code>list = [1, 'a', 2, 'b', 'c', 3]
list = [item for item in list if type(item) is int]
</code></pre>

You can also use the remove() method to remove specific items from a list. The following code will remove the item 'b' from the list:

<pre><code>list.remove('b')
</code></pre>

For more information on list comprehension and the remove() method, please see the official Python documentation here: https://docs.python.org/3/tutorial/datastructures.html#list-comprehensions and here: https://docs.python.org/3/tutorial/datastructures.html#more-on-lists."
36,"In Python, you can create an array using the list data type. A list can contain any number of elements, including other lists. For example, to create a list of numbers: 

<pre><code>numbers = [1, 2, 3, 4]
</code></pre>

You can also use the NumPy library to create an array. NumPy is a library for scientific computing which provides a powerful array object. To create an array in NumPy: 

<pre><code>import numpy as np

my_array = np.array([1, 2, 3, 4])
</code></pre>

For more information about creating and using arrays in Python, see the official documentation here: https://docs.python.org/3/tutorial/introduction.html#lists."
37,"To create a multidimensional list in Python, you can use the list comprehension syntax. For example, to create a two-dimensional list with 3 rows and 4 columns you can use the following code: 

my_list = [[0 for col in range(4)] for row in range(3)]

This will create a list with 3 rows and 4 columns, with all elements initialized to 0. You can also use nested for loops to create a multidimensional list, like this: 

my_list = []
for row in range(3):
    temp_list = []
    for col in range(4):
        temp_list.append(0)
    my_list.append(temp_list)

Alternatively, you can use the NumPy library to create multidimensional arrays, which can be used as lists."
38,"If you want to apply a method or function to a sequence of objects, you can use the seqle() function in Python. This function allows you to iterate through a sequence of objects and apply a specific method or function to each of them. This can be done by defining the sequence of objects as an array, and then using a for loop to iterate through it. For example, if you have a list of objects to which you want to apply a function, you can use the following code:

<pre><code>params = [""bar"", ""blahh"", ""myName"", ""yourName""]
for i in range(len(params)):
    foo(params[i])
</code></pre>

If the function takes multiple arguments, you can put arrays in the arrays:

<pre><code>params = [[1,""one""], [2,""two""], [5,""five""]]
for i in range(len(params)):
    foobar(params[i][0], params[i][1])
</code></pre>

Alternatively, you can use the apply() method to create the equivalent of a method invocation that depends on the type of each item in"
39,"Tuples are immutable, which means they can not be changed once they are created. Trying to add an element to a tuple using the += operator will raise an exception because it is trying to modify the tuple in-place, which is not allowed. To add an item to a tuple, you must create a new tuple with the item added. For example:

<pre><code>a_tuple = (1,2,3)
b_tuple = a_tuple + ('item',)
print(b_tuple)  # Output: (1, 2, 3, 'item')
</code></pre>"
40,"Yes, it is possible to do a Schwartzian Transform in Python. A Schwartzian Transform is a sorting technique that is used to optimize sorting performance when sorting a list of items. It works by separating the sorting criteria from the data being sorted, allowing for more efficient sorting methods. 

To do a Schwartzian Transform in Python, you can use the built-in sorted() function. You can pass in a key function that will be used to determine the criteria for sorting. The key function should return a value that will be used to determine the order of the items in the list. For example: 

# A Schwartzian Transform in Python
def schwartzian(data):
  return sorted(data, key=lambda x: (x[1], x[0]))
  
# Sort a list of tuples by the second item in each tuple
tuples = [(1, 5), (4, 2), (3, 7)]
result = schwartzian(tuples)
print(result)
# Prints: [(4, 2), (1, 5), (3, 7)]

In this example, the key function will return a tuple of the second item in the tuple and"
41,"One way to sort one list by values from another list is by using the Python built-in function sorted(). The sorted() function takes two arguments, the first argument being the list to sort and the second argument being the list containing values to sort by. For example:

list_1 = ['Black', 'Black', 'Silver', 'Pink', 'Black', 'Purple', 'Purple', 'Black']
list_2 = [1, 2, 3, 4, 5, 6, 7, 8]

sorted_list = sorted(list_1, key=lambda x: list_2[list_1.index(x)])

This will sort the elements of list_1 according to the corresponding elements in list_2. In this example, the output would be: ['Black', 'Black', 'Black', 'Silver', 'Pink', 'Purple', 'Purple', 'Black']. 

It is also possible to use the reduce() function to sort the list. The reduce() function takes a function as an argument and applies it to each element of the list. For example: 

var array = ['Black', 'Black', 'Silver', 'Pink', '"
42,"
A class is a blueprint for creating objects. It specifies what data (attributes) and methods (functions) an object will have. A class is created using the keyword class and the name of the class. An example of a class in Python would be:

class Person:
  def __init__(self, name, age):
    self.name = name
    self.age = age

  def say_hello(self):
    print(""Hello, my name is "" + self.name)

This class creates a Person object with two attributes (name and age) and one method (say_hello). We can then create an instance of this class and use it like this:

p = Person(""John"", 30)
p.say_hello()

This would print out ""Hello, my name is John""."
43,"A method is a block of code associated with a class or object that can be called in order to perform a particular task. In the Python language, a method is defined using the ""def"" keyword. A method typically takes in parameters, performs an operation, and returns a value. For example, the following method takes in two parameters – a and b – and returns the sum of the two values: 

def sum(a, b):
  return a + b"
44,"Self is a keyword in Python that refers to the current instance of a class. It can be used to access instance attributes and methods, and to call other class methods. The self keyword is also used to refer to the class itself, allowing access to class variables and class methods. Self must be the first parameter of any class method, including the __init__ method."
45,"In Python, you can use the isinstance() function to check if an object is an instance of a given class or of a subclass of it. This function takes two parameters: the object to check and the class to check against. The function returns True if the object is an instance of the class or a subclass of it, and False otherwise. 
Example:

class Appliance:
    def turnOff(self):
        print(""Turning off appliance"")

class Blender(Appliance):
    def turnOff(self):
        print(""Turning off blender"")

appliance_list = [Appliance(), Blender()]

for appliance in appliance_list:
    if isinstance(appliance, Blender):
        appliance.turnOff()

The output of the code above will be:
Turning off appliance
Turning off blender"
46,"Delegation is a programming technique in which a method or object can defer responsibility for a task to another object. Delegation allows for more flexible and maintainable code, as it allows for the removal or replacement of objects as needed without affecting the functionality of the code. The object which is delegated to is called a delegate. In the context of software development, a delegate is often an object that implements a particular interface."
47,"
In order to call a method defined in a base class from a derived class that extends it, you need to use public inheritance. This means that you need to specify the inheritance as public when defining the derived class. For example: 

<pre><code>class Parent
  def test
    puts ""hi from parent""
  end
end

class Child &lt; Parent
  def child_method
    test
  end
end
</code></pre>

By doing this, you are telling the compiler that the Child class is publicly derived from the Parent class. This establishes a ""is a"" relationship between the two classes, meaning that the Child class implements the behavior of the Parent class and possibly more. After this is done, you can call the method defined in the base class from the derived class simply by using the method name. For example: 

<pre><code>child = Child.new
child.child_method # =&gt; ""hi from parent""
</code></pre>"
48,"Organizing your code to make it easier to change the base class can be done by using polymorphism. This is a technique that allows you to have different types of objects that all share the same interface, allowing them to be used interchangeably. 

For example, if you had a class called Animal that was a base class for both Dog and Cat, you could use polymorphism to refer to both of them interchangeably. To do this, you would create an Animal class with shared methods, such as bark(), meow(), and eat(). Then, both Dog and Cat classes would inherit from Animal, overriding the methods with their own implementations. This would allow you to refer to both Dog and Cat objects as Animals, and they would be interchangeable in your code.

For more information on polymorphism, take a look at this tutorial: https://realpython.com/inheritance-composition-python/."
49,"Creating static class data and methods in Python is done by using the ""staticmethod"" decorator. This allows a class to have methods and class variables that are not associated with any particular instance of the class. 
For example, to create a static method in the class MyClass:

<pre><code>@staticmethod
def my_static_method():
    # do something
</code></pre>

To create a static class variable in the class MyClass:

<pre><code>my_static_var = None
</code></pre>

For more information, you can refer to the Python documentation on static methods:
https://docs.python.org/3/tutorial/classes.html#static-methods"
50,"You can overload constructors (or methods) in Python by using function overloading. Function overloading is a feature that allows multiple functions, with the same name, to be defined with different sets of parameters. Python does not support overloading natively, but you can use the decorator pattern to achieve the same effect. 

The decorator pattern works by defining two functions: the first one takes the parameters that the user will provide, and the second one is the actual function that will be called. The first function checks the parameters and decides which of the two functions should be called.

For example, if you want to overload a constructor, you can define a function that looks like this:

<pre><code>def __init__(self, *args):
    if len(args) == 0:
        self.__init__no_args()
    elif len(args) == 1:
        self.__init__one_arg(args[0])
    elif len(args) == 2:
        self.__init__two_args(args[0], args[1])
    else:
        raise TypeError('Too many arguments')
</code></pre"
51,"It sounds like you are running into an issue related to the EBean ORM in Play 2.3. It appears that attempting to use an object that no longer exists, i.e. _SomeClassName__spam, is causing the error. You can try moving all the classes into another package, as that may help resolve the issue. Additionally, you may want to consider using something like the Akismet API (http://akismet.com/development/api/) to combat spam. For further assistance, you may want to check out the Play Framework Documentation (https://www.playframework.com/documentation/2.3.x/Home) as it may provide additional insights.  Good luck!"
52,"The __del__ method is only called when the reference count of an object reaches zero. This means that if there are any remaining references to the object, __del__ will not be called. You can check to see if the reference count is zero by using the sys.getrefcount() method. For example: 

<pre><code>import sys

class MyClass:
    def __del__(self):
        print(""Object deleted"")

obj = MyClass()
print(sys.getrefcount(obj))  # Prints 2

del obj
print(sys.getrefcount(obj))  # Prints 1
</code></pre>

In the above example, the __del__ method was not called because the reference count was still 1. To make sure that the __del__ method is called, all references to the object must be deleted."
53,"The easiest way to get a list of all instances of a given class in Python is by using the built-in function ""isinstance()"". This function takes two arguments: an object and a class. It returns a boolean value that indicates whether the object is an instance of the given class. For example, to get a list of all instances of the class ""MyClass"", you can use the following code:

my_list = []
for obj in some_list:
    if isinstance(obj, MyClass):
        my_list.append(obj)
        
This will create a list of all objects in ""some_list"" that are instances of the class ""MyClass""."
54,"The result of id() can appear to be not unique if the same id is used multiple times within a document or view tree. IDs should be unique within the scope of the document or view tree. If the same id is used multiple times, the result of id() will be the same. To avoid this, it is best practice to use unique ID values when creating elements. Additionally, you can use the function `strSort` to sort letters within your ID's to ensure that each ID is unique. This can be done by following the instructions in the Stack Overflow question linked above."
55,"The is operator is used to compare the identity of two objects in Python. You can rely on the is operator when you want to check if two objects are the same instance. For example, if you have two variables pointing to the same object, the is operator will return True. On the other hand, if you have two distinct objects, even if they have the same values, the is operator will return False."
56,"A subclass can control what data is stored in an immutable instance by using a private constructor and making sure that the constructor parameters are used to initialize the data fields. The private constructor should only be accessible to the class itself and its subclasses. This way, the subclass can set certain values in the constructor and control the data that is stored in the immutable instance. 

Additionally, the subclass can also use the builder pattern or the factory pattern to further control what data is stored in the immutable instance. By using the builder pattern, the subclass can create a builder class that allows for the subclass to set the values of the data fields and then use the builder class to create the immutable instance with the desired data. The factory pattern is also an option, in which the subclass can create a factory method that can be used to create the immutable instance with the desired data."
57,"Caching method calls can be done using Python's built-in lru_cache decorator. This decorator takes in a maximum size parameter which specifies the maximum number of method calls that can be stored in the cache. When a method call is made, it will check if it already exists in the cache and if so, it will return the cached result. If not, it will execute the method and store it in the cache. For example, the below code will only execute the add() method if it hasn't been called before using the same arguments:

<pre><code>@lru_cache(maxsize=32)
def add(x,y):
    return x + y

# This will be executed
result = add(2,3)

# This will be pulled from the cache
result2 = add(2,3)
</code></pre>

You can read more about lru_cache and other caching techniques in Python here: https://docs.python.org/3/library/functools.html#functools.lru_cache"
